{
  "lights": [
    {
      "id": "d84dbacb-89c7-4a99-9afa-6e835efc8105",
      "position": {
        "x": -8.864500676358539,
        "y": -2.0038038456917278,
        "z": -5.115366999813814
      },
      "channel": 5
    },
    {
      "id": "7c4594d8-449f-4ca9-99dc-5576a810eaad",
      "position": {
        "x": -4.63079274956249,
        "y": -2.001191765398149,
        "z": -4.1750232099377875
      },
      "channel": 5
    },
    {
      "id": "7a0d2038-4b18-4159-a7c2-28d11196ac88",
      "position": {
        "x": -8.098895763265672,
        "y": -2.018122845229785,
        "z": -7.54408321502941
      },
      "channel": 5
    }
  ]
}